row,col,LAT_NORTH,LONG_EAST,TOPOGRAPHY,point_count
0,118,-2.31634,221.01034,749.45500,1
6,24,-1.30341,205.14112,-1978.32426,1
6,43,-1.30341,208.34873,-2028.35355,4
6,68,-1.30341,212.56927,-1501.11079,4
6,69,-1.30341,212.73809,-1461.80549,5
7,2,-1.13459,201.42705,-1592.39841,1
7,20,-1.13459,204.46584,-1539.42562,2
7,22,-1.13459,204.80348,-1748.15269,3
7,23,-1.13459,204.97230,-1907.58970,3
7,24,-1.13459,205.14112,-1997.84661,2
7,25,-1.13459,205.30995,-2001.29520,3
7,43,-1.13459,208.34873,-2041.37808,5
7,44,-1.13459,208.51755,-2046.76077,1
7,45,-1.13459,208.68637,-2096.98338,1
7,68,-1.13459,212.56927,-1555.69425,8
7,69,-1.13459,212.73809,-1490.87816,11
7,70,-1.13459,212.90691,-1453.49851,4
7,94,-1.13459,216.95862,-790.27589,8
7,95,-1.13459,217.12745,-713.05035,1
7,117,-1.13459,220.84152,-41.25754,1
8,0,-0.96577,201.08941,-1733.66845,9
8,2,-0.96577,201.42705,-1590.39668,12
8,3,-0.96577,201.59587,-1599.84240,3
8,4,-0.96577,201.76470,-1527.04442,4
8,19,-0.96577,204.29702,-1542.43495,3
8,20,-0.96577,204.46584,-1559.79523,7
8,21,-0.96577,204.63466,-1701.92249,2
8,22,-0.96577,204.80348,-1737.95436,9
8,23,-0.96577,204.97230,-1943.15236,13
8,24,-0.96577,205.14112,-2009.74392,5
8,25,-0.96577,205.30995,-2037.87536,4
8,43,-0.96577,208.34873,-2078.38145,5
8,44,-0.96577,208.51755,-2089.03863,7
8,45,-0.96577,208.68637,-2116.53385,11
8,46,-0.96577,208.85520,-2130.70112,5
8,48,-0.96577,209.19284,-2064.59309,6
8,49,-0.96577,209.36166,-2076.68854,4
8,68,-0.96577,212.56927,-1552.69512,1
8,69,-0.96577,212.73809,-1540.57924,1
8,70,-0.96577,212.90691,-1463.07346,4
8,71,-0.96577,213.07573,-1385.38733,2
8,92,-0.96577,216.62098,-940.00426,1
8,93,-0.96577,216.78980,-892.22472,10
8,94,-0.96577,216.95862,-751.36868,4
8,95,-0.96577,217.12745,-715.09453,14
8,96,-0.96577,217.29627,-747.57129,8
8,97,-0.96577,217.46509,-746.13323,3
8,115,-0.96577,220.50387,-99.33795,2
8,116,-0.96577,220.67270,-90.69818,2
8,117,-0.96577,220.84152,-33.40517,15
8,118,-0.96577,221.01034,1.94378,1
9,0,-0.79695,201.08941,-1717.00154,3
9,1,-0.79695,201.25823,-1635.39545,7
9,2,-0.79695,201.42705,-1606.25563,4
9,3,-0.79695,201.59587,-1600.35517,5
9,4,-0.79695,201.76470,-1552.17849,4
9,19,-0.79695,204.29702,-1573.40053,3
9,20,-0.79695,204.46584,-1608.11475,8
9,21,-0.79695,204.63466,-1646.89941,6
9,22,-0.79695,204.80348,-1845.17739,5
9,23,-0.79695,204.97230,-2006.58063,1
9,24,-0.79695,205.14112,-2029.42746,3
9,25,-0.79695,205.30995,-2085.54978,7
9,26,-0.79695,205.47877,-2131.96906,5
9,28,-0.79695,205.81641,-2139.07047,4
9,43,-0.79695,208.34873,-2105.88502,1
9,44,-0.79695,208.51755,-2105.90065,8
9,45,-0.79695,208.68637,-2139.14875,5
9,46,-0.79695,208.85520,-2137.69219,10
9,47,-0.79695,209.02402,-2130.74723,3
9,48,-0.79695,209.19284,-2076.80157,5
9,49,-0.79695,209.36166,-2091.92149,9
9,50,-0.79695,209.53048,-2143.07131,6
9,68,-0.79695,212.56927,-1578.53906,1
9,70,-0.79695,212.90691,-1476.50488,9
9,71,-0.79695,213.07573,-1437.49069,11
9,72,-0.79695,213.24455,-1355.95409,5
9,73,-0.79695,213.41337,-1346.33595,2
9,74,-0.79695,213.58220,-1434.89712,1
9,76,-0.79695,213.91984,-1339.89094,10
9,92,-0.79695,216.62098,-962.65890,14
9,93,-0.79695,216.78980,-916.22939,4
9,94,-0.79695,216.95862,-733.43682,5
9,95,-0.79695,217.12745,-713.68303,2
9,96,-0.79695,217.29627,-759.58673,7
9,97,-0.79695,217.46509,-770.71024,3
9,115,-0.79695,220.50387,-142.06007,2
9,116,-0.79695,220.67270,-83.32910,10
9,117,-0.79695,220.84152,-47.54344,1
9,118,-0.79695,221.01034,-16.82923,3
10,0,-0.62813,201.08941,-1721.81121,3
10,1,-0.62813,201.25823,-1662.22652,9
10,3,-0.62813,201.59587,-1632.66360,9
10,4,-0.62813,201.76470,-1574.41878,8
10,5,-0.62813,201.93352,-1564.59274,3
10,19,-0.62813,204.29702,-1575.50731,3
10,21,-0.62813,204.63466,-1683.74105,7
10,24,-0.62813,205.14112,-2046.91299,6
10,25,-0.62813,205.30995,-2139.73174,2
10,26,-0.62813,205.47877,-2164.10005,9
10,27,-0.62813,205.64759,-2131.46031,2
10,28,-0.62813,205.81641,-2194.92791,4
10,42,-0.62813,208.17991,-2154.35552,3
10,43,-0.62813,208.34873,-2136.72015,2
10,44,-0.62813,208.51755,-2121.36986,1
10,46,-0.62813,208.85520,-2152.96801,2
10,47,-0.62813,209.02402,-2155.17069,4
10,48,-0.62813,209.19284,-2117.32240,6
10,49,-0.62813,209.36166,-2099.46471,4
10,50,-0.62813,209.53048,-2168.76201,9
10,67,-0.62813,212.40045,-1563.74663,8
10,68,-0.62813,212.56927,-1582.22830,3
10,71,-0.62813,213.07573,-1491.30352,4
10,72,-0.62813,213.24455,-1355.08740,8
10,73,-0.62813,213.41337,-1361.61771,7
10,74,-0.62813,213.58220,-1410.87330,13
10,75,-0.62813,213.75102,-1441.06963,16
10,76,-0.62813,213.91984,-1378.68155,6
10,77,-0.62813,214.08866,-1254.26410,7
10,89,-0.62813,216.11452,-910.56089,4
10,92,-0.62813,216.62098,-989.20215,1
10,93,-0.62813,216.78980,-952.02739,2
10,96,-0.62813,217.29627,-767.92162,2
10,97,-0.62813,217.46509,-794.46178,5
10,98,-0.62813,217.63391,-735.26793,5
10,99,-0.62813,217.80273,-707.94425,1
10,100,-0.62813,217.97155,-705.36562,1
10,115,-0.62813,220.50387,-163.39258,5
10,116,-0.62813,220.67270,-98.70444,5
10,118,-0.62813,221.01034,-30.43776,3
11,0,-0.45930,201.08941,-1720.15676,2
11,1,-0.45930,201.25823,-1693.37101,1
11,4,-0.45930,201.76470,-1593.97690,1
11,5,-0.45930,201.93352,-1579.03911,7
11,19,-0.45930,204.29702,-1586.96083,6
11,21,-0.45930,204.63466,-1697.57854,2
11,26,-0.45930,205.47877,-2183.88005,3
11,27,-0.45930,205.64759,-2190.85052,5
11,28,-0.45930,205.81641,-2230.23852,7
11,29,-0.45930,205.98523,-2160.84570,7
11,30,-0.45930,206.15405,-2110.59214,1
11,42,-0.45930,208.17991,-2200.33911,3
11,47,-0.45930,209.02402,-2144.67899,9
11,50,-0.45930,209.53048,-2210.93743,1
11,51,-0.45930,209.69930,-2214.05373,10
11,66,-0.45930,212.23162,-1643.32163,1
11,67,-0.45930,212.40045,-1593.45231,4
11,72,-0.45930,213.24455,-1379.31035,4
11,73,-0.45930,213.41337,-1370.43081,8
11,74,-0.45930,213.58220,-1418.27420,3
11,75,-0.45930,213.75102,-1459.95682,1
11,77,-0.45930,214.08866,-1258.88310,3
11,89,-0.45930,216.11452,-918.62961,8
11,90,-0.45930,216.28334,-958.06989,1
11,91,-0.45930,216.45216,-1029.54484,1
11,92,-0.45930,216.62098,-1016.67377,1
11,97,-0.45930,217.46509,-790.63510,5
11,98,-0.45930,217.63391,-771.75346,12
11,99,-0.45930,217.80273,-731.55858,4
11,100,-0.45930,217.97155,-711.97754,5
11,102,-0.45930,218.30920,-686.67351,1
11,115,-0.45930,220.50387,-208.58150,2
12,5,-0.29048,201.93352,-1594.08776,2
12,19,-0.29048,204.29702,-1614.63793,2
12,27,-0.29048,205.64759,-2188.28025,8
12,28,-0.29048,205.81641,-2232.15003,2
12,29,-0.29048,205.98523,-2166.77442,10
12,30,-0.29048,206.15405,-2122.51234,10
12,31,-0.29048,206.32287,-2105.09858,3
12,42,-0.29048,208.17991,-2219.24849,5
12,47,-0.29048,209.02402,-2165.59247,1
12,51,-0.29048,209.69930,-2200.99563,6
12,52,-0.29048,209.86812,-2219.42432,3
12,53,-0.29048,210.03695,-2214.04622,4
12,66,-0.29048,212.23162,-1623.06694,8
12,67,-0.29048,212.40045,-1613.85302,2
12,77,-0.29048,214.08866,-1246.66436,3
12,88,-0.29048,215.94570,-993.71071,4
12,89,-0.29048,216.11452,-948.03591,5
12,90,-0.29048,216.28334,-982.63268,10
12,91,-0.29048,216.45216,-1026.32834,14
12,97,-0.29048,217.46509,-801.20910,1
12,99,-0.29048,217.80273,-754.80501,9
12,100,-0.29048,217.97155,-713.66880,11
12,101,-0.29048,218.14037,-700.29733,5
12,102,-0.29048,218.30920,-695.21558,4
12,114,-0.29048,220.33505,-276.47629,2
12,115,-0.29048,220.50387,-259.75567,5
13,5,-0.12166,201.93352,-1606.88012,4
13,18,-0.12166,204.12820,-1659.15414,2
13,27,-0.12166,205.64759,-2208.70084,2
13,30,-0.12166,206.15405,-2172.41676,6
13,31,-0.12166,206.32287,-2118.57833,4
13,42,-0.12166,208.17991,-2252.64945,1
13,51,-0.12166,209.69930,-2211.32848,1
13,52,-0.12166,209.86812,-2228.12681,13
13,53,-0.12166,210.03695,-2210.03967,7
13,54,-0.12166,210.20577,-2201.54618,4
13,65,-0.12166,212.06280,-1768.58210,4
13,66,-0.12166,212.23162,-1686.57308,6
13,67,-0.12166,212.40045,-1629.59406,2
13,78,-0.12166,214.25748,-1267.70067,1
13,88,-0.12166,215.94570,-1021.85798,7
13,90,-0.12166,216.28334,-990.69016,6
13,91,-0.12166,216.45216,-1037.09343,2
13,99,-0.12166,217.80273,-770.46387,3
13,101,-0.12166,218.14037,-718.42956,7
13,102,-0.12166,218.30920,-722.76642,8
13,114,-0.12166,220.33505,-295.38177,2
13,115,-0.12166,220.50387,-266.59008,1
14,5,0.04716,201.93352,-1596.88086,1
14,6,0.04716,202.10234,-1567.23057,3
14,16,0.04716,203.79055,-1701.56064,1
14,17,0.04716,203.95937,-1791.63151,9
14,18,0.04716,204.12820,-1745.98782,9
14,31,0.04716,206.32287,-2155.76118,1
14,41,0.04716,208.01109,-2238.10252,1
14,42,0.04716,208.17991,-2264.26562,1
14,52,0.04716,209.86812,-2230.70977,1
14,53,0.04716,210.03695,-2231.30859,1
14,54,0.04716,210.20577,-2209.76110,12
14,55,0.04716,210.37459,-2206.14808,7
14,64,0.04716,211.89398,-1947.50441,2
14,65,0.04716,212.06280,-1847.48542,7
14,66,0.04716,212.23162,-1702.87703,2
14,77,0.04716,214.08866,-1277.84524,4
14,78,0.04716,214.25748,-1282.41510,9
14,86,0.04716,215.60805,-1155.08298,1
14,87,0.04716,215.77687,-1069.96677,4
14,88,0.04716,215.94570,-1043.44246,6
14,101,0.04716,218.14037,-728.48124,1
14,102,0.04716,218.30920,-737.30384,2
14,103,0.04716,218.47802,-702.97986,2
14,114,0.04716,220.33505,-342.86401,4
15,6,0.21598,202.10234,-1580.69591,9
15,16,0.21598,203.79055,-1712.81555,1
15,17,0.21598,203.95937,-1780.75021,8
15,18,0.21598,204.12820,-1713.69426,6
15,31,0.21598,206.32287,-2184.69995,4
15,41,0.21598,208.01109,-2251.14985,4
15,42,0.21598,208.17991,-2272.09001,3
15,53,0.21598,210.03695,-2239.58166,5
15,54,0.21598,210.20577,-2211.37225,1
15,55,0.21598,210.37459,-2232.70929,3
15,64,0.21598,211.89398,-1957.23862,3
15,65,0.21598,212.06280,-1866.79889,3
15,78,0.21598,214.25748,-1295.67052,5
15,86,0.21598,215.60805,-1194.70828,5
15,87,0.21598,215.77687,-1099.98834,1
15,101,0.21598,218.14037,-753.54136,3
15,102,0.21598,218.30920,-749.83662,2
15,103,0.21598,218.47802,-723.50339,7
15,114,0.21598,220.33505,-374.87900,3
16,6,0.38480,202.10234,-1582.54456,1
16,15,0.38480,203.62173,-1692.94070,1
16,16,0.38480,203.79055,-1724.32173,4
16,31,0.38480,206.32287,-2240.39191,1
16,37,0.38480,207.33580,-2245.94981,14
16,40,0.38480,207.84227,-2317.56484,5
16,41,0.38480,208.01109,-2282.44617,9
16,55,0.38480,210.37459,-2265.98043,5
16,63,0.38480,211.72516,-2002.13843,9
16,64,0.38480,211.89398,-1971.64674,12
16,65,0.38480,212.06280,-1935.11826,3
16,78,0.38480,214.25748,-1327.52653,2
16,79,0.38480,214.42630,-1300.24502,3
16,86,0.38480,215.60805,-1240.31939,6
16,87,0.38480,215.77687,-1139.48583,6
16,103,0.38480,218.47802,-752.95792,4
16,112,0.38480,219.99741,-444.15753,4
16,113,0.38480,220.16623,-421.64672,2
16,114,0.38480,220.33505,-397.48352,4
17,6,0.55362,202.10234,-1596.28927,3
17,7,0.55362,202.27116,-1581.74589,1
17,11,0.55362,202.94645,-1736.29030,2
17,15,0.55362,203.62173,-1754.61984,11
17,16,0.55362,203.79055,-1748.35420,4
17,31,0.55362,206.32287,-2265.67869,2
17,34,0.55362,206.82934,-2268.55488,1
17,36,0.55362,207.16698,-2238.20268,4
17,37,0.55362,207.33580,-2264.30687,3
17,38,0.55362,207.50462,-2281.69462,2
17,40,0.55362,207.84227,-2332.26043,5
17,41,0.55362,208.01109,-2332.86655,2
17,55,0.55362,210.37459,-2291.70521,2
17,56,0.55362,210.54341,-2276.44272,3
17,62,0.55362,211.55634,-2025.46823,2
17,63,0.55362,211.72516,-2018.34348,7
17,79,0.55362,214.42630,-1318.38322,7
17,83,0.55362,215.10159,-1304.29474,1
17,86,0.55362,215.60805,-1255.83597,2
17,87,0.55362,215.77687,-1152.32832,6
17,103,0.55362,218.47802,-724.81326,2
17,104,0.55362,218.64684,-701.66657,2
17,109,0.55362,219.49095,-549.05070,6
17,112,0.55362,219.99741,-467.34271,10
17,113,0.55362,220.16623,-442.03913,9
17,114,0.55362,220.33505,-443.82432,2
18,6,0.72245,202.10234,-1598.20259,1
18,7,0.72245,202.27116,-1603.53175,9
18,10,0.72245,202.77762,-1749.49015,4
18,11,0.72245,202.94645,-1777.85759,10
18,12,0.72245,203.11527,-1769.34172,4
18,14,0.72245,203.45291,-1782.48881,5
18,15,0.72245,203.62173,-1775.81832,5
18,16,0.72245,203.79055,-1775.74496,6
18,31,0.72245,206.32287,-2258.29837,2
18,32,0.72245,206.49170,-2295.12410,5
18,34,0.72245,206.82934,-2300.68268,5
18,35,0.72245,206.99816,-2273.67635,6
18,36,0.72245,207.16698,-2247.24556,4
18,38,0.72245,207.50462,-2353.86164,7
18,40,0.72245,207.84227,-2332.88636,5
18,41,0.72245,208.01109,-2360.93071,1
18,56,0.72245,210.54341,-2299.04816,8
18,62,0.72245,211.55634,-2054.92354,3
18,63,0.72245,211.72516,-2050.46578,1
18,79,0.72245,214.42630,-1343.43012,7
18,83,0.72245,215.10159,-1316.91871,2
18,84,0.72245,215.27041,-1323.75371,3
18,85,0.72245,215.43923,-1277.35420,1
18,86,0.72245,215.60805,-1275.45538,3
18,103,0.72245,218.47802,-734.76059,2
18,104,0.72245,218.64684,-717.88771,7
18,108,0.72245,219.32212,-627.80734,4
18,109,0.72245,219.49095,-588.23704,11
18,110,0.72245,219.65977,-545.91401,4
18,111,0.72245,219.82859,-496.11778,8
18,112,0.72245,219.99741,-485.95828,3
18,113,0.72245,220.16623,-464.53753,5
19,7,0.89127,202.27116,-1638.55082,1
19,10,0.89127,202.77762,-1781.19942,4
19,11,0.89127,202.94645,-1811.93406,5
19,12,0.89127,203.11527,-1776.76853,5
19,13,0.89127,203.28409,-1805.08272,3
19,14,0.89127,203.45291,-1812.13279,10
19,32,0.89127,206.49170,-2319.53152,6
19,34,0.89127,206.82934,-2316.04362,6
19,35,0.89127,206.99816,-2280.15683,11
19,36,0.89127,207.16698,-2272.06023,9
19,38,0.89127,207.50462,-2389.68425,8
19,39,0.89127,207.67345,-2366.24630,8
19,40,0.89127,207.84227,-2343.60779,2
19,56,0.89127,210.54341,-2303.11689,6
19,57,0.89127,210.71223,-2303.70797,4
19,61,0.89127,211.38752,-2087.12230,4
19,62,0.89127,211.55634,-2073.65584,4
19,80,0.89127,214.59512,-1356.28983,7
19,82,0.89127,214.93277,-1330.56932,1
19,83,0.89127,215.10159,-1341.60915,4
19,84,0.89127,215.27041,-1320.59608,7
19,85,0.89127,215.43923,-1294.26336,3
19,104,0.89127,218.64684,-725.85539,3
19,106,0.89127,218.98448,-662.58849,7
19,107,0.89127,219.15330,-663.99954,13
19,108,0.89127,219.32212,-669.15746,12
19,110,0.89127,219.65977,-564.59714,7
19,111,0.89127,219.82859,-511.89781,5
19,113,0.89127,220.16623,-481.82720,1
20,7,1.06009,202.27116,-1647.28502,6
20,8,1.06009,202.43998,-1697.91049,8
20,9,1.06009,202.60880,-1720.57034,7
20,10,1.06009,202.77762,-1779.76813,5
20,12,1.06009,203.11527,-1793.15034,6
20,13,1.06009,203.28409,-1827.39026,7
20,14,1.06009,203.45291,-1811.66124,2
20,32,1.06009,206.49170,-2359.32478,3
20,33,1.06009,206.66052,-2353.00042,8
20,34,1.06009,206.82934,-2333.13727,5
20,39,1.06009,207.67345,-2387.68590,9
20,57,1.06009,210.71223,-2311.18636,9
20,60,1.06009,211.21870,-2122.79971,3
20,61,1.06009,211.38752,-2111.35737,6
20,62,1.06009,211.55634,-2111.51671,5
20,80,1.06009,214.59512,-1379.40109,9
20,81,1.06009,214.76395,-1411.26851,5
20,82,1.06009,214.93277,-1357.66864,9
20,83,1.06009,215.10159,-1341.25707,10
20,84,1.06009,215.27041,-1352.27903,6
20,85,1.06009,215.43923,-1323.00613,11
20,104,1.06009,218.64684,-731.89011,4
20,105,1.06009,218.81566,-733.32800,2
20,106,1.06009,218.98448,-695.47383,6
20,107,1.06009,219.15330,-675.56687,4
20,108,1.06009,219.32212,-689.40332,1
20,110,1.06009,219.65977,-582.33290,4
20,111,1.06009,219.82859,-535.10929,4
21,8,1.22891,202.43998,-1708.74169,8
21,9,1.22891,202.60880,-1756.50422,7
21,10,1.22891,202.77762,-1793.67304,4
21,12,1.22891,203.11527,-1832.56562,2
21,13,1.22891,203.28409,-1819.18646,7
21,32,1.22891,206.49170,-2377.97007,2
21,33,1.22891,206.66052,-2395.38245,4
21,57,1.22891,210.71223,-2312.77409,3
21,58,1.22891,210.88105,-2280.92391,1
21,60,1.22891,211.21870,-2171.33241,6
21,61,1.22891,211.38752,-2130.83835,7
21,62,1.22891,211.55634,-2131.89932,3
21,80,1.22891,214.59512,-1379.67118,1
21,81,1.22891,214.76395,-1435.08884,8
21,82,1.22891,214.93277,-1412.63248,6
21,85,1.22891,215.43923,-1356.31176,2
21,104,1.22891,218.64684,-739.01009,1
21,105,1.22891,218.81566,-755.38352,5
21,106,1.22891,218.98448,-722.34087,2
21,110,1.22891,219.65977,-592.90971,1
22,9,1.39773,202.60880,-1767.60829,3
22,32,1.39773,206.49170,-2412.12579,1
22,33,1.39773,206.66052,-2418.40121,4
22,57,1.39773,210.71223,-2315.34041,1
22,58,1.39773,210.88105,-2296.16917,7
22,59,1.39773,211.04987,-2209.50979,3
22,60,1.39773,211.21870,-2203.97561,7
22,81,1.39773,214.76395,-1473.83619,3
22,82,1.39773,214.93277,-1454.79356,1
22,105,1.39773,218.81566,-768.80526,8
22,106,1.39773,218.98448,-732.11646,2
23,58,1.56655,210.88105,-2286.88430,8
23,59,1.56655,211.04987,-2240.54711,8
23,60,1.56655,211.21870,-2225.02563,1
23,81,1.56655,214.76395,-1497.09804,1
23,105,1.56655,218.81566,-786.52675,2
24,58,1.73537,210.88105,-2299.60120,1
24,59,1.73537,211.04987,-2250.35121,5
